,Dataset,"[n_clusters,max_iter,n_init]",f1 score,Adjusted Random Score,Silhouette Score,Execution Time
0,Iris,"[2, 200, 5]",0.5555555555555555,0.5681159420289855,0.6294675561906644,0.04487919807434082
1,Iris,"[2, 200, 10]",0.5555555555555555,0.5681159420289855,0.6294675561906644,0.0359039306640625
2,Iris,"[2, 200, 15]",0.0,0.5681159420289855,0.6294675561906644,0.06582379341125488
3,Iris,"[2, 300, 5]",0.5555555555555555,0.5681159420289855,0.6294675561906644,0.016955137252807617
4,Iris,"[2, 300, 10]",0.5555555555555555,0.5681159420289855,0.6294675561906644,0.031915903091430664
5,Iris,"[2, 300, 15]",0.5555555555555555,0.5681159420289855,0.6294675561906644,0.053854942321777344
6,Iris,"[2, 400, 5]",0.5555555555555555,0.5681159420289855,0.6294675561906644,0.03091740608215332
7,Iris,"[2, 400, 10]",0.5555555555555555,0.5681159420289855,0.6294675561906644,0.0359041690826416
8,Iris,"[2, 400, 15]",0.5555555555555555,0.5681159420289855,0.6294675561906644,0.0498661994934082
9,Iris,"[3, 200, 5]",0.2696629213483146,0.7163421126838476,0.5043188549150884,0.040892839431762695
10,Iris,"[3, 200, 10]",0.2696629213483146,0.7163421126838476,0.5043188549150884,0.04089069366455078
11,Iris,"[3, 200, 15]",0.2696629213483146,0.7163421126838476,0.5043188549150884,0.05485391616821289
12,Iris,"[3, 300, 5]",0.2696629213483146,0.7163421126838476,0.5043188549150884,0.02194046974182129
13,Iris,"[3, 300, 10]",0.08408408408408408,0.7163421126838476,0.5043188549150884,0.045877933502197266
14,Iris,"[3, 300, 15]",0.2822822822822823,0.7163421126838476,0.5043188549150884,0.07180953025817871
15,Iris,"[3, 400, 5]",0.2696629213483146,0.7163421126838476,0.5043188549150884,0.02393627166748047
16,Iris,"[3, 400, 10]",0.2696629213483146,0.7163421126838476,0.5043188549150884,0.0578455924987793
17,Iris,"[3, 400, 15]",0.8852785369639302,0.7163421126838476,0.5043188549150884,0.06183314323425293
18,Iris,"[4, 200, 5]",0.7447257383966244,0.6230929299814632,0.4446273300650682,0.03291058540344238
19,Iris,"[4, 200, 10]",0.24472573839662445,0.6230929299814632,0.4446273300650682,0.050862789154052734
20,Iris,"[4, 200, 15]",0.01687763713080169,0.6230929299814632,0.4446273300650682,0.08676910400390625
21,Iris,"[4, 300, 5]",0.24472573839662445,0.6230929299814632,0.4446273300650682,0.023935794830322266
22,Iris,"[4, 300, 10]",0.13768115942028986,0.6230929299814632,0.4446273300650682,0.04587888717651367
23,Iris,"[4, 300, 15]",0.24472573839662445,0.6230929299814632,0.4446273300650682,0.06981468200683594
24,Iris,"[4, 400, 5]",0.016460905349794237,0.6206329421473108,0.4435001045329514,0.023936986923217773
25,Iris,"[4, 400, 10]",0.24472573839662445,0.6230929299814632,0.4446273300650682,0.06283426284790039
26,Iris,"[4, 400, 15]",0.8059071729957804,0.6230929299814632,0.4446273300650682,0.09175443649291992
27,Iris,"[5, 200, 5]",0.01687763713080169,0.4670212076986913,0.35538315267369,0.0329132080078125
28,Iris,"[5, 200, 10]",0.13768115942028986,0.4670212076986913,0.35538315267369,0.06981301307678223
29,Iris,"[5, 200, 15]",0.01687763713080169,0.4670212076986913,0.35538315267369,0.07380223274230957
30,Iris,"[5, 300, 5]",0.24472573839662445,0.46569394095542876,0.351912893247111,0.03690075874328613
31,Iris,"[5, 300, 10]",0.2330938533470179,0.4648970912472176,0.35208455119388804,0.049868106842041016
32,Iris,"[5, 300, 15]",0.01687763713080169,0.46569394095542876,0.351912893247111,0.08078336715698242
33,Iris,"[5, 400, 5]",0.01687763713080169,0.4648970912472176,0.35268997896773463,0.026927709579467773
34,Iris,"[5, 400, 10]",0.13768115942028986,0.4648970912472176,0.35208455119388804,0.0628349781036377
35,Iris,"[5, 400, 15]",0.39358996589792505,0.46569394095542876,0.351912893247111,0.08078312873840332
36,Iris,"[6, 200, 5]",0.12021857923497267,0.42262685788387316,0.3552714312369295,0.02692866325378418
37,Iris,"[6, 200, 10]",0.21259259259259258,0.4265547512658742,0.3446731470537716,0.06582474708557129
38,Iris,"[6, 200, 15]",0.39095171120487576,0.42043466977474137,0.3503813557935231,0.07978534698486328
39,Iris,"[6, 300, 5]",0.01687763713080169,0.45303174827749354,0.36012865088552115,0.03191566467285156
40,Iris,"[6, 300, 10]",0.01687763713080169,0.4212570621468927,0.3517305254336543,0.061834096908569336
41,Iris,"[6, 300, 15]",0.12021857923497267,0.42262685788387316,0.3552714312369295,0.08178186416625977
42,Iris,"[6, 400, 5]",0.6567681830839724,0.5068174966533425,0.3263846025404776,0.029920101165771484
43,Iris,"[6, 400, 10]",0.0,0.4190631567304502,0.3468404499902478,0.058843374252319336
44,Iris,"[6, 400, 15]",0.01687763713080169,0.4508775054458769,0.35523857544211473,0.08477401733398438
45,Iris,"[7, 200, 5]",0.6801039184760115,0.4987421769060223,0.3443557695580397,0.02892136573791504
46,Iris,"[7, 200, 10]",0.1691542288557214,0.46548738248391885,0.33973498966201104,0.06781935691833496
47,Iris,"[7, 200, 15]",0.12021857923497267,0.45852156935398825,0.3423158744855928,0.08876228332519531
48,Iris,"[7, 300, 5]",0.2751895991332611,0.4586090120214115,0.3407538805934068,0.032911062240600586
49,Iris,"[7, 300, 10]",0.4301066695432892,0.46853815841157614,0.3415402627218983,0.05884361267089844
50,Iris,"[7, 300, 15]",0.26140390523952167,0.45727756731202446,0.34549761478039176,0.08776617050170898
51,Iris,"[7, 400, 5]",0.12903225806451613,0.46832213272325757,0.3314705540984983,0.039893388748168945
52,Iris,"[7, 400, 10]",0.5282915173237754,0.4529191864882054,0.3463333919711788,0.06383013725280762
53,Iris,"[7, 400, 15]",0.0,0.45710186877919967,0.3326120054735083,0.08876228332519531
54,Iris,"[8, 200, 5]",0.009259259259259259,0.42295988934993084,0.3295366999546323,0.030916929244995117
55,Iris,"[8, 200, 10]",0.010416666666666666,0.4109704233520201,0.3253320680825658,0.07081079483032227
56,Iris,"[8, 200, 15]",0.010416666666666666,0.4094280720086173,0.331370924505859,0.10571742057800293
57,Iris,"[8, 300, 5]",0.17840375586854462,0.41366306266336167,0.3273445333869454,0.037897586822509766
58,Iris,"[8, 300, 10]",0.5299418491199313,0.4166321394961924,0.3298859095511238,0.08278059959411621
59,Iris,"[8, 300, 15]",0.1616161616161616,0.4130845965754428,0.3270008137637562,0.10072875022888184
60,Iris,"[8, 400, 5]",0.17647058823529413,0.41289409114677605,0.33113172839174204,0.04089069366455078
61,Iris,"[8, 400, 10]",0.010416666666666666,0.3860961929208017,0.3296755711408009,0.06283164024353027
62,Iris,"[8, 400, 15]",0.19047619047619052,0.38844133381601703,0.3354952663408688,0.09574365615844727
63,Iris,"[9, 200, 5]",0.010416666666666666,0.3642487114499217,0.3207101473319742,0.03690195083618164
64,Iris,"[9, 200, 10]",0.5185185185185187,0.35908461040185635,0.31736755971820735,0.07181453704833984
65,Iris,"[9, 200, 15]",0.0,0.34886437589483277,0.3271512868424239,0.13064265251159668
66,Iris,"[9, 300, 5]",0.1616161616161616,0.40743811865090207,0.3416590349684229,0.04288506507873535
67,Iris,"[9, 300, 10]",0.0,0.37526967203653394,0.3200025207483718,0.08078932762145996
68,Iris,"[9, 300, 15]",0.0,0.3483089745731893,0.31961022584288595,0.12466692924499512
69,Iris,"[9, 400, 5]",0.2696085668448145,0.4040394261936685,0.3418223256853325,0.03391098976135254
70,Iris,"[9, 400, 10]",0.18357487922705315,0.398927700531305,0.3454858618493058,0.08676671981811523
71,Iris,"[9, 400, 15]",0.17647058823529413,0.34885296774953845,0.31842897099203216,0.10073018074035645
72,Iris,"[10, 200, 5]",0.009389671361502348,0.3739373163565132,0.3360858950060544,0.06083488464355469
73,Iris,"[10, 200, 10]",0.1691542288557214,0.34689615605278257,0.3294071198398206,0.08477210998535156
74,Iris,"[10, 200, 15]",0.182648401826484,0.3594426340333225,0.32669726447134556,0.12167596817016602
75,Iris,"[10, 300, 5]",0.010256410256410255,0.3651180465321533,0.3353693423477684,0.03789830207824707
76,Iris,"[10, 300, 10]",0.1691542288557214,0.3697117340561631,0.335463666571728,0.08477139472961426
77,Iris,"[10, 300, 15]",0.35238095238095246,0.36324786324786323,0.32987548335442085,0.13364315032958984
78,Iris,"[10, 400, 5]",0.18357487922705315,0.409770168147069,0.3573049383983843,0.035904645919799805
79,Iris,"[10, 400, 10]",0.0,0.35667474373370633,0.33518809717066866,0.07779121398925781
80,Iris,"[10, 400, 15]",0.1691542288557214,0.3477924559531828,0.3277128938081194,0.12167596817016602
81,Iris,"[20, 200, 5]",0.01129943502824859,0.20767207387846434,0.29136150951252765,0.0937492847442627
82,Iris,"[20, 200, 10]",0.11111111111111112,0.22720513623444336,0.3079113790689514,0.11968016624450684
83,Iris,"[20, 200, 15]",0.0,0.20986423204041177,0.277230307923289,0.17353558540344238
84,Iris,"[20, 300, 5]",0.0,0.20347271145000206,0.2975331858574446,0.07380390167236328
85,Iris,"[20, 300, 10]",0.1616161616161616,0.21881856105474584,0.30325043190514456,0.11668729782104492
86,Iris,"[20, 300, 15]",0.35291561213794514,0.23617217998767207,0.31553736858144826,0.17154431343078613
87,Iris,"[20, 400, 5]",0.19487431425530174,0.23769206969465426,0.31102854916460815,0.06482267379760742
88,Iris,"[20, 400, 10]",0.04938271604938271,0.20720646210680121,0.29883185275368634,0.11469268798828125
89,Iris,"[20, 400, 15]",0.0,0.19151664944519156,0.2913468666903542,0.1765275001525879
90,Iris,"[21, 200, 5]",0.20617374928355034,0.20291174735883613,0.30293266842502753,0.06682038307189941
91,Iris,"[21, 200, 10]",0.049857061177815895,0.21840798070779313,0.3055022096597667,0.12566447257995605
92,Iris,"[21, 200, 15]",0.11339082168698585,0.21167275554363008,0.30786627219696816,0.1795203685760498
93,Iris,"[21, 300, 5]",0.0,0.19504557284915852,0.28680716677812823,0.0628364086151123
94,Iris,"[21, 300, 10]",0.11111111111111112,0.2280560902219523,0.3174851310162565,0.12466311454772949
95,Iris,"[21, 300, 15]",0.12021857923497267,0.204126545557401,0.2915307549817863,0.2184147834777832
96,Iris,"[21, 400, 5]",0.07142857142857141,0.1960514755284511,0.2829744277729747,0.06582474708557129
97,Iris,"[21, 400, 10]",0.0,0.22263895615020282,0.3073510071039631,0.12067532539367676
98,Iris,"[21, 400, 15]",0.10447021508573694,0.199638213992281,0.28967495902345375,0.21442675590515137
99,Iris,"[22, 200, 5]",0.19547964113181504,0.2031920406259716,0.2791640180956545,0.07480096817016602
100,Iris,"[22, 200, 10]",0.04938271604938271,0.2018813414060988,0.30293347589803027,0.12666010856628418
101,Iris,"[22, 200, 15]",0.0,0.21461036391724556,0.3190372227861721,0.23038363456726074
102,Iris,"[22, 300, 5]",0.1934108190938792,0.20846863990182085,0.30862735118168816,0.06882262229919434
103,Iris,"[22, 300, 10]",0.1616161616161616,0.20300507978576557,0.29466770486877913,0.12765216827392578
104,Iris,"[22, 300, 15]",0.0,0.20211712504356047,0.2931450260134483,0.24933266639709473
105,Iris,"[22, 400, 5]",0.1016949152542373,0.21741165618621813,0.30124263500292575,0.06382918357849121
106,Iris,"[22, 400, 10]",0.2354337021003688,0.20024166740134938,0.2812532436837693,0.12765932083129883
107,Iris,"[22, 400, 15]",0.15717492384159049,0.193206418755808,0.2823811143004814,0.20544815063476562
108,Iris,"[23, 200, 5]",0.1016949152542373,0.20150715744301514,0.3030661532403183,0.07081007957458496
109,Iris,"[23, 200, 10]",0.1016949152542373,0.19564288026142027,0.3128523505425491,0.13962793350219727
110,Iris,"[23, 200, 15]",0.04938271604938271,0.20244434669357692,0.321113148383413,0.21941232681274414
111,Iris,"[23, 300, 5]",0.012121212121212121,0.2053415574828031,0.31288877677208715,0.07579493522644043
112,Iris,"[23, 300, 10]",0.011904761904761904,0.18681617503147954,0.29029967315892785,0.13065052032470703
113,Iris,"[23, 300, 15]",0.15795454545454546,0.2086182365698341,0.3090054684865388,0.21641969680786133
114,Iris,"[23, 400, 5]",0.060606060606060615,0.19972652515812966,0.289072364380007,0.07280635833740234
115,Iris,"[23, 400, 10]",0.17307244351269507,0.189483461657768,0.2891210887704425,0.12566399574279785
116,Iris,"[23, 400, 15]",0.060606060606060615,0.20851673502743914,0.3031000798279676,0.25033020973205566
117,Iris,"[24, 200, 5]",0.04938271604938271,0.14810738859978723,0.2747188418745322,0.06781792640686035
118,Iris,"[24, 200, 10]",0.0,0.18868022654108788,0.29252166221528175,0.1326436996459961
119,Iris,"[24, 200, 15]",0.04938271604938271,0.17140071385043962,0.27789439139723227,0.22839093208312988
120,Iris,"[24, 300, 5]",0.0,0.18758901604847678,0.28083390695468885,0.07878804206848145
121,Iris,"[24, 300, 10]",0.11111111111111112,0.16910637111389934,0.27951288354809084,0.13862943649291992
122,Iris,"[24, 300, 15]",0.08187134502923976,0.17383757535280592,0.2770059021394508,0.20744657516479492
123,Iris,"[24, 400, 5]",0.04938271604938271,0.18849367308025655,0.298958253045131,0.07978582382202148
124,Iris,"[24, 400, 10]",0.04938271604938271,0.17560541607584731,0.2909227699451348,0.14860200881958008
125,Iris,"[24, 400, 15]",0.13580246913580246,0.18994355279244596,0.3017712975587977,0.212432861328125
126,Iris,"[25, 200, 5]",0.04938271604938271,0.17757124702503577,0.2690638743305483,0.09275150299072266
127,Iris,"[25, 200, 10]",0.1016949152542373,0.1613068908408629,0.297971657608738,0.15558385848999023
128,Iris,"[25, 200, 15]",0.060606060606060615,0.17603041237382572,0.2831231778999906,0.22140741348266602
129,Iris,"[25, 300, 5]",0.04938271604938271,0.16888252468451895,0.29733679930452933,0.07978606224060059
130,Iris,"[25, 300, 10]",0.3063271604938272,0.17376956735137167,0.2897535278612058,0.1436169147491455
131,Iris,"[25, 300, 15]",0.01129943502824859,0.15490905278607747,0.2986598289937446,0.3430812358856201
132,Iris,"[25, 400, 5]",0.1016949152542373,0.17281035371477133,0.26759837496902006,0.07679486274719238
133,Iris,"[25, 400, 10]",0.060606060606060615,0.17783808231569426,0.28828321045890687,0.14760661125183105
134,Iris,"[25, 400, 15]",0.14585960487599833,0.17442341449849663,0.27640570551719645,0.26728200912475586
135,Wine,"[2, 200, 5]",0.3586778152993559,0.3702270932278303,0.2987221815974774,0.02493429183959961
136,Wine,"[2, 200, 10]",0.3586778152993559,0.3702270932278303,0.2987221815974774,0.04288458824157715
137,Wine,"[2, 200, 15]",0.3586778152993559,0.3702270932278303,0.2987221815974774,0.06981229782104492
138,Wine,"[2, 300, 5]",0.21837926056117005,0.3702270932278303,0.2987221815974774,0.046875
139,Wine,"[2, 300, 10]",0.21837926056117005,0.3702270932278303,0.2987221815974774,0.04188728332519531
140,Wine,"[2, 300, 15]",0.3586778152993559,0.3702270932278303,0.2987221815974774,0.10372090339660645
141,Wine,"[2, 400, 5]",0.21837926056117005,0.3702270932278303,0.2987221815974774,0.03989458084106445
142,Wine,"[2, 400, 10]",0.21837926056117005,0.3702270932278303,0.2987221815974774,0.05385470390319824
143,Wine,"[2, 400, 15]",0.3586778152993559,0.3702270932278303,0.2987221815974774,0.08477330207824707
144,Wine,"[3, 200, 5]",0.35187951036813736,0.8991568729455465,0.30134962899910434,0.03690290451049805
145,Wine,"[3, 200, 10]",0.37188476810002535,0.8536602842727952,0.3008938518500134,0.050863027572631836
146,Wine,"[3, 200, 15]",0.36422846441947565,0.8685425493202144,0.3013463273503232,0.08776640892028809
147,Wine,"[3, 300, 5]",0.01208716377255703,0.8536602842727952,0.3008938518500134,0.042884111404418945
148,Wine,"[3, 300, 10]",0.2634234788156464,0.8536602842727952,0.3008938518500134,0.049867868423461914
149,Wine,"[3, 300, 15]",0.3702559300873907,0.8536602842727952,0.3008938518500134,0.07081127166748047
150,Wine,"[3, 400, 5]",0.049753382042938124,0.8368448733145885,0.29936674064895064,0.01994609832763672
151,Wine,"[3, 400, 10]",0.37188476810002535,0.8536602842727952,0.3008938518500134,0.05285811424255371
152,Wine,"[3, 400, 15]",0.3702559300873907,0.8536602842727952,0.3008938518500134,0.07081031799316406
153,Wine,"[4, 200, 5]",0.33301647190685413,0.7509168592139368,0.25993667561623146,0.04089713096618652
154,Wine,"[4, 200, 10]",0.199438202247191,0.7509168592139368,0.25993667561623146,0.08177495002746582
155,Wine,"[4, 200, 15]",0.19339462036091246,0.7547226468895967,0.25975014122369366,0.08477258682250977
156,Wine,"[4, 300, 5]",0.199438202247191,0.7509168592139368,0.25993667561623146,0.03291130065917969
157,Wine,"[4, 300, 10]",0.33301647190685413,0.7474312188457858,0.26146715047974306,0.07978510856628418
158,Wine,"[4, 300, 15]",0.041698743006858593,0.7367209303377495,0.25420511065571183,0.09474754333496094
159,Wine,"[4, 400, 5]",0.33301647190685413,0.7509168592139368,0.25993667561623146,0.02792525291442871
160,Wine,"[4, 400, 10]",0.8402407131846493,0.7431734972229931,0.24275314416825114,0.07779169082641602
161,Wine,"[4, 400, 15]",0.5995195466826424,0.7509168592139368,0.25993667561623146,0.10471940040588379
162,Wine,"[5, 200, 5]",0.3043650098106099,0.6253151216951448,0.2413998692960033,0.040889739990234375
163,Wine,"[5, 200, 10]",0.3202247191011236,0.6344338921605501,0.20372716267979032,0.07579660415649414
164,Wine,"[5, 200, 15]",0.3275021533712668,0.6820372108945865,0.24703758322263888,0.19747328758239746
165,Wine,"[5, 300, 5]",0.7123631647164538,0.6789273758959918,0.20559131764627708,0.04687190055847168
166,Wine,"[5, 300, 10]",0.2982901807523205,0.6504338506812879,0.21136976528821613,0.14660859107971191
167,Wine,"[5, 300, 15]",0.7591990974328002,0.6933269068418267,0.24058535270700523,0.16456007957458496
168,Wine,"[5, 400, 5]",0.0264659054724105,0.6263910264065875,0.20643259424877805,0.05884289741516113
169,Wine,"[5, 400, 10]",0.7506684942046193,0.6361798970949948,0.24366652193812144,0.1326439380645752
170,Wine,"[5, 400, 15]",0.27152538918188995,0.6697005126000762,0.2419881417038553,0.15558433532714844
171,Wine,"[6, 200, 5]",0.04836989106652028,0.5792548183121113,0.2180394056811432,0.04388308525085449
172,Wine,"[6, 200, 10]",0.012368260604476962,0.5858303383938873,0.1995966560916673,0.16755247116088867
173,Wine,"[6, 200, 15]",0.31983047506406465,0.6009317183902744,0.2049424535262132,0.21043848991394043
174,Wine,"[6, 300, 5]",0.6473775911978159,0.5803534589192664,0.1986887659217707,0.043880462646484375
175,Wine,"[6, 300, 10]",0.24450042461458063,0.6207122943665452,0.22264921020157058,0.14261794090270996
176,Wine,"[6, 300, 15]",0.33621458231558377,0.5546549679361662,0.19669694422823658,0.12267231941223145
177,Wine,"[6, 400, 5]",0.3265910920893932,0.6830726691111492,0.2286084665026703,0.05684995651245117
178,Wine,"[6, 400, 10]",0.11003487020534676,0.6062866313709845,0.19210839313670053,0.09075522422790527
179,Wine,"[6, 400, 15]",0.6493513450099468,0.5907196271038804,0.20043788386099146,0.10172843933105469
180,Wine,"[7, 200, 5]",0.012563036362027777,0.5260684186557978,0.20049811151225502,0.036901235580444336
181,Wine,"[7, 200, 10]",0.025576445284977937,0.4490879713616205,0.13410517936653912,0.08377695083618164
182,Wine,"[7, 200, 15]",0.01227312013828868,0.5507108076213748,0.19471626658080102,0.09574174880981445
183,Wine,"[7, 300, 5]",0.03354687569392015,0.48835853015535136,0.15283185056175694,0.036900997161865234
184,Wine,"[7, 300, 10]",0.037278168644334767,0.4146903678830648,0.13280411915707815,0.06283283233642578
185,Wine,"[7, 300, 15]",0.016794795978710822,0.44789047840505264,0.1343618910697634,0.08776378631591797
186,Wine,"[7, 400, 5]",0.03137190777640216,0.4857488542312285,0.15609722930534095,0.03989410400390625
187,Wine,"[7, 400, 10]",0.18965003423140428,0.47577726712745627,0.13961358297144325,0.06682252883911133
188,Wine,"[7, 400, 15]",0.23754819343467723,0.41708017058376357,0.1363320945105567,0.09375286102294922
189,Wine,"[8, 200, 5]",0.23443577587815895,0.40457887849613017,0.12788537165377076,0.044879913330078125
190,Wine,"[8, 200, 10]",0.0,0.3982199487047484,0.13619990524370426,0.08078503608703613
191,Wine,"[8, 200, 15]",0.0,0.4563851784093195,0.14143150964763263,0.11369681358337402
192,Wine,"[8, 300, 5]",0.22562705708773123,0.40639162974560944,0.13129667544557228,0.04089021682739258
193,Wine,"[8, 300, 10]",0.008766514384491914,0.5016748804027825,0.19973111323814008,0.08178234100341797
194,Wine,"[8, 300, 15]",0.4312588565215992,0.5187692131270103,0.20506692382001282,0.11170125007629395
195,Wine,"[8, 400, 5]",0.17333273726144707,0.42137516684670095,0.14518833615883056,0.03390979766845703
196,Wine,"[8, 400, 10]",0.06286283954965292,0.5025101052142075,0.18130387573470633,0.06682133674621582
197,Wine,"[8, 400, 15]",0.1820127438104966,0.43393320767979443,0.16278581242391074,0.12067794799804688
198,Wine,"[9, 200, 5]",0.4321254154346406,0.40285550301568096,0.13487658176478587,0.04986691474914551
199,Wine,"[9, 200, 10]",0.0759876590483901,0.3607158635877429,0.1392660118889016,0.08776521682739258
200,Wine,"[9, 200, 15]",0.23580516942754362,0.38199037235984284,0.14003982816369953,0.12167549133300781
201,Wine,"[9, 300, 5]",0.1927036672644123,0.343100288914488,0.12658619857940817,0.03889775276184082
202,Wine,"[9, 300, 10]",0.24095878889823377,0.3473155168876193,0.12767908387230326,0.0917513370513916
203,Wine,"[9, 300, 15]",0.025103755440834097,0.41523325418463286,0.15288357598202654,0.1376333236694336
204,Wine,"[9, 400, 5]",0.008224255762770765,0.41668592971894514,0.1458351033748372,0.038893699645996094
205,Wine,"[9, 400, 10]",0.10935549313358303,0.5046160604370576,0.20661277240618747,0.10073041915893555
206,Wine,"[9, 400, 15]",0.04144170436305268,0.40888527039515354,0.14397019132212596,0.11668777465820312
207,Wine,"[10, 200, 5]",0.008963514707738922,0.39534112492703,0.14836686811136138,0.05984306335449219
208,Wine,"[10, 200, 10]",0.32800727573134214,0.42649561972100497,0.1431554806785651,0.07878804206848145
209,Wine,"[10, 200, 15]",0.34846719378554586,0.35302511986636853,0.14429712004653597,0.13364243507385254
210,Wine,"[10, 300, 5]",0.02072085218152634,0.5153279203466938,0.20651362281392932,0.045877695083618164
211,Wine,"[10, 300, 10]",0.18001710553689512,0.34615405823255085,0.13482199693348654,0.09474706649780273
212,Wine,"[10, 300, 15]",0.3144929490799666,0.40982516664890767,0.15150105509679007,0.12067723274230957
213,Wine,"[10, 400, 5]",0.1849247910054255,0.36709883804588556,0.1449341399028144,0.053856611251831055
214,Wine,"[10, 400, 10]",0.1348314606741573,0.3699127048540064,0.13909693060499456,0.08477210998535156
215,Wine,"[10, 400, 15]",0.16179775280898875,0.38064174251229205,0.13900293807534708,0.12765979766845703
216,Wine,"[20, 200, 5]",0.0884140725732179,0.19763301387220977,0.13228856571465053,0.08477354049682617
217,Wine,"[20, 200, 10]",0.31519552981296295,0.22672656585189488,0.1373530106243123,0.15259218215942383
218,Wine,"[20, 200, 15]",0.32531330027131994,0.22761537101174883,0.1431741539819246,0.20245671272277832
219,Wine,"[20, 300, 5]",0.1511519137663287,0.21610467802019015,0.13910815982021502,0.06682276725769043
220,Wine,"[20, 300, 10]",0.042546816479400756,0.21809208203488928,0.1389560343804726,0.12366986274719238
221,Wine,"[20, 300, 15]",0.06163953044805105,0.20090967237340346,0.12587768098397578,0.2014598846435547
222,Wine,"[20, 400, 5]",0.0,0.19759024080123697,0.1226189678670377,0.06682252883911133
223,Wine,"[20, 400, 10]",0.0680427874248099,0.20669731434329236,0.14186348517524947,0.12666082382202148
224,Wine,"[20, 400, 15]",0.0,0.19809169697816165,0.13609213139280094,0.1875
225,Wine,"[21, 200, 5]",0.12339631398789377,0.20796708608517114,0.13080605656576713,0.06582331657409668
226,Wine,"[21, 200, 10]",0.029962546816479398,0.19799927284214416,0.14369737802082483,0.14261937141418457
227,Wine,"[21, 200, 15]",0.0,0.1963914149394304,0.12651841238680323,0.2373669147491455
228,Wine,"[21, 300, 5]",0.051534225019669554,0.18819113283425992,0.13618487000832208,0.06682038307189941
229,Wine,"[21, 300, 10]",0.11128945960406635,0.18612576618249363,0.13645159954006847,0.15059375762939453
230,Wine,"[21, 300, 15]",0.03172504957038995,0.2055913294152276,0.12749392261617176,0.2263948917388916
231,Wine,"[21, 400, 5]",0.14492959749679987,0.18464124901541595,0.13951867969258933,0.08976078033447266
232,Wine,"[21, 400, 10]",0.08227004380118072,0.23352799914728278,0.1533077438666678,0.15558505058288574
233,Wine,"[21, 400, 15]",0.0,0.18516963025341987,0.13667503338031342,0.212432861328125
234,Wine,"[22, 200, 5]",0.0414866032843561,0.185749164121816,0.11952707227830937,0.08177971839904785
235,Wine,"[22, 200, 10]",0.0,0.16924628808234662,0.1280580545378269,0.1466081142425537
236,Wine,"[22, 200, 15]",0.11079231317995362,0.17276156942279375,0.14072198086455118,0.21941304206848145
237,Wine,"[22, 300, 5]",0.06623299822590183,0.18789111474486944,0.13456757322466723,0.0747992992401123
238,Wine,"[22, 300, 10]",0.16514458617490205,0.20861445786798344,0.14665403125387297,0.1326451301574707
239,Wine,"[22, 300, 15]",0.0,0.1724471371273371,0.136167877493536,0.20644879341125488
240,Wine,"[22, 400, 5]",0.06509104998062766,0.1709961986411116,0.12371819961236724,0.07380247116088867
241,Wine,"[22, 400, 10]",0.08925292468110309,0.19932859816386284,0.13353725027469823,0.14261817932128906
242,Wine,"[22, 400, 15]",0.1271356010466369,0.19441834209265732,0.14143949831329353,0.21044206619262695
243,Wine,"[23, 200, 5]",0.020196273645285166,0.18422690996987595,0.12352798940341918,0.07579684257507324
244,Wine,"[23, 200, 10]",0.10055227575699865,0.19220827504779436,0.1421322121841359,0.16356348991394043
245,Wine,"[23, 200, 15]",0.17516490052402442,0.20500988186110744,0.1462380533668618,0.2263936996459961
246,Wine,"[23, 300, 5]",0.08078509458114067,0.17393278552270805,0.1360687674160033,0.07480096817016602
247,Wine,"[23, 300, 10]",0.06131320359017665,0.17999768746048966,0.13958858737322896,0.15558433532714844
248,Wine,"[23, 300, 15]",0.009971910112359551,0.1712500446222036,0.14100783172047263,0.22140884399414062
249,Wine,"[23, 400, 5]",0.0,0.17564252523698673,0.13026836973874065,0.09075808525085449
250,Wine,"[23, 400, 10]",0.16148084125612214,0.20375865555710734,0.15049930150060759,0.14461398124694824
251,Wine,"[23, 400, 15]",0.07704654895666131,0.18884870641334814,0.1456954167506952,0.22839021682739258
252,Wine,"[24, 200, 5]",0.0,0.16814257087052223,0.14125533899011908,0.08876204490661621
253,Wine,"[24, 200, 10]",0.07030983997276133,0.1810714574027064,0.1570858915677184,0.15857553482055664
254,Wine,"[24, 200, 15]",0.05179073033707865,0.17039895206109662,0.13384130705917335,0.2343759536743164
255,Wine,"[24, 300, 5]",0.021856241342157922,0.1685077352428126,0.12598125640276475,0.0797879695892334
256,Wine,"[24, 300, 10]",0.0,0.17608487303770856,0.14151322357644955,0.1525895595550537
257,Wine,"[24, 300, 15]",0.0,0.16296518867234108,0.14607010383380906,0.2323768138885498
258,Wine,"[24, 400, 5]",0.0,0.17681211631607255,0.129484521759418,0.07380104064941406
259,Wine,"[24, 400, 10]",0.010098136822642583,0.16116683106796303,0.133705335557745,0.15758013725280762
260,Wine,"[24, 400, 15]",0.0,0.18802251003060286,0.13802466877825087,0.22539591789245605
261,Wine,"[25, 200, 5]",0.0,0.1689078505987042,0.1304980800965277,0.07579755783081055
262,Wine,"[25, 200, 10]",0.08515671200473092,0.15675537130233486,0.13202141218417945,0.16256237030029297
263,Wine,"[25, 200, 15]",0.04993757802746567,0.16701469862622528,0.15413039220538668,0.24634289741516113
264,Wine,"[25, 300, 5]",0.08368849283223559,0.15252605351808535,0.1340235414790186,0.07779121398925781
265,Wine,"[25, 300, 10]",0.0,0.16254173859389615,0.12753812128750158,0.18550348281860352
266,Wine,"[25, 300, 15]",0.0,0.19183893467166246,0.14144638806489324,0.27725958824157715
267,Wine,"[25, 400, 5]",0.0,0.16746511485285917,0.1401253345447777,0.08178329467773438
268,Wine,"[25, 400, 10]",0.0,0.1668835594156026,0.13586359509729828,0.18849873542785645
269,Wine,"[25, 400, 15]",0.021573033707865164,0.15465678525698226,0.13795582398165593,0.3390944004058838
